,time,amount,category,related_unit,resposible_unit
0,1397-01-08,21.0,electricity,4,1
1,1397-01-08,10.0,electricity,1,1
2,1397-01-08,27.0,electricity,9,1
3,1397-01-08,5.0,electricity,2,1
4,1397-01-08,154.0,gas,4,1
5,1397-01-08,154.0,gas,10,1
6,1397-01-08,27.0,electricity,10,1
7,1397-01-12,48.0,water,8,1
8,1397-01-12,16.0,water,1,1
9,1397-01-12,40.0,water,10,1
10,1397-01-12,40.0,water,9,1
11,1397-01-12,32.0,water,3,1
12,1397-01-12,32.0,water,4,1
13,1397-01-12,56.0,water,5,1
14,1397-01-18,15.0,reparing,4,1
15,1397-01-18,15.0,reparing,3,1
16,1397-01-18,15.0,reparing,5,1
17,1397-01-18,15.0,reparing,10,1
18,1397-01-18,15.0,reparing,8,1
19,1397-01-18,15.0,reparing,9,1
20,1397-01-18,15.0,reparing,7,1
21,1397-01-18,15.0,reparing,2,1
22,1397-01-18,15.0,reparing,6,1
23,1397-01-18,15.0,reparing,1,1
24,1397-02-14,28.0,water,6,1
25,1397-02-14,37.0,water,4,1
26,1397-02-14,9.0,water,2,1
27,1397-02-14,18.0,water,7,1
28,1397-02-14,56.0,water,8,1
29,1397-02-14,18.0,water,1,1
30,1397-02-14,66.0,water,5,1
31,1397-02-14,47.0,water,9,1
32,1397-02-15,34.0,cleaning,6,1
33,1397-02-15,34.0,cleaning,1,1
34,1397-02-15,34.0,cleaning,2,1
35,1397-02-15,34.0,cleaning,5,1
36,1397-02-15,34.0,cleaning,3,1
37,1397-02-15,34.0,cleaning,4,1
38,1397-02-15,34.0,cleaning,10,1
39,1397-02-23,42.0,gas,10,1
40,1397-02-23,42.0,gas,6,1
41,1397-02-23,70.0,gas,7,1
42,1397-02-23,70.0,gas,9,1
43,1397-02-23,42.0,gas,8,1
44,1397-02-23,70.0,gas,5,1
45,1397-02-23,70.0,gas,3,1
46,1397-02-23,42.0,gas,2,1
47,1397-02-23,70.0,gas,1,1
48,1397-02-28,12.0,electricity,3,1
49,1397-02-28,9.0,electricity,6,1
50,1397-02-28,16.0,electricity,9,1
51,1397-02-28,19.0,electricity,8,1
52,1397-02-28,6.0,electricity,1,1
53,1397-02-28,16.0,electricity,10,1
54,1397-03-03,257.0,city_hall,6,1
55,1397-03-03,257.0,city_hall,10,1
56,1397-03-03,257.0,city_hall,3,1
57,1397-03-03,257.0,city_hall,5,1
58,1397-03-03,257.0,city_hall,4,1
59,1397-03-03,257.0,city_hall,9,1
60,1397-03-03,257.0,city_hall,7,1
61,1397-03-03,257.0,city_hall,2,1
62,1397-03-03,257.0,city_hall,1,1
63,1397-03-03,257.0,city_hall,8,1
64,1397-03-07,12.0,others,5,1
65,1397-03-07,12.0,others,1,1
66,1397-03-07,27.0,cleaning,6,1
67,1397-03-07,27.0,cleaning,2,1
68,1397-03-07,27.0,cleaning,7,1
69,1397-03-07,27.0,cleaning,9,1
70,1397-03-07,27.0,cleaning,1,1
71,1397-03-07,27.0,cleaning,10,1
72,1397-03-07,27.0,cleaning,5,1
73,1397-03-07,27.0,cleaning,8,1
74,1397-03-07,12.0,others,10,1
75,1397-03-07,12.0,others,8,1
76,1397-03-07,12.0,others,4,1
77,1397-03-07,12.0,others,6,1
78,1397-03-07,12.0,others,9,1
79,1397-03-07,12.0,others,3,1
80,1397-03-07,12.0,others,2,1
81,1397-03-07,12.0,others,7,1
82,1397-03-07,27.0,cleaning,4,1
83,1397-03-12,228.0,elevator,5,1
84,1397-03-12,228.0,elevator,3,1
85,1397-03-12,228.0,elevator,9,1
86,1397-03-12,228.0,elevator,10,1
87,1397-03-12,228.0,elevator,1,1
88,1397-03-12,228.0,elevator,2,1
89,1397-03-12,228.0,elevator,4,1
90,1397-03-12,228.0,elevator,7,1
91,1397-03-12,228.0,elevator,6,1
92,1397-03-12,228.0,elevator,8,1
93,1397-03-14,57.0,water,3,1
94,1397-03-14,43.0,water,6,1
95,1397-03-14,28.0,water,1,1
96,1397-03-14,100.0,water,5,1
97,1397-03-17,34.0,cleaning,3,1
98,1397-03-17,34.0,cleaning,5,1
99,1397-03-17,34.0,cleaning,10,1
100,1397-03-17,34.0,cleaning,1,1
101,1397-03-17,34.0,cleaning,2,1
102,1397-03-17,34.0,cleaning,4,1
103,1397-03-17,34.0,cleaning,8,1
104,1397-03-26,15.0,reparing,3,1
105,1397-03-26,15.0,reparing,10,1
106,1397-03-26,15.0,reparing,5,1
107,1397-03-26,15.0,reparing,9,1
108,1397-03-26,15.0,reparing,8,1
109,1397-03-26,15.0,reparing,2,1
110,1397-03-26,15.0,reparing,7,1
111,1397-03-26,15.0,reparing,6,1
112,1397-03-26,15.0,reparing,4,1
113,1397-03-26,15.0,reparing,1,1
114,1397-03-29,105.0,gas,2,1
115,1397-03-29,175.0,gas,7,1
116,1397-03-29,105.0,gas,10,1
117,1397-03-29,175.0,gas,1,1
118,1397-03-30,29.0,cleaning,6,1
119,1397-03-30,29.0,cleaning,4,1
120,1397-03-30,29.0,cleaning,3,1
121,1397-03-30,29.0,cleaning,10,1
122,1397-03-30,29.0,cleaning,8,1
123,1397-03-30,29.0,cleaning,9,1
124,1397-03-30,29.0,cleaning,7,1
125,1397-03-30,29.0,cleaning,1,1
126,1397-04-08,31.0,electricity,6,1
127,1397-04-08,20.0,electricity,7,1
128,1397-04-08,51.0,electricity,9,1
129,1397-04-08,20.0,electricity,1,1
130,1397-04-09,25.0,water,6,1
131,1397-04-09,59.0,water,5,1
132,1397-04-09,42.0,water,10,1
133,1397-04-09,16.0,water,1,1
134,1397-04-09,42.0,water,9,1
135,1397-04-09,16.0,water,7,1
136,1397-04-09,8.0,water,2,1
137,1397-04-15,50.0,cleaning,2,1
138,1397-04-15,50.0,cleaning,7,1
139,1397-04-15,50.0,cleaning,3,1
140,1397-04-15,50.0,cleaning,8,1
141,1397-04-15,50.0,cleaning,10,1
142,1397-04-28,33.0,others,2,1
143,1397-04-28,33.0,others,1,1
144,1397-04-28,33.0,others,7,1
145,1397-04-28,33.0,others,10,1
146,1397-05-01,84.0,cleaning,3,1
147,1397-05-01,84.0,cleaning,8,1
148,1397-05-01,84.0,cleaning,7,1
149,1397-05-07,47.0,gas,3,1
150,1397-05-07,28.0,gas,6,1
151,1397-05-07,28.0,gas,2,1
152,1397-05-07,28.0,gas,4,1
153,1397-05-07,47.0,gas,5,1
154,1397-05-07,28.0,gas,8,1
155,1397-05-07,47.0,gas,9,1
156,1397-05-07,47.0,gas,7,1
157,1397-05-11,12.0,water,1,1
158,1397-05-11,32.0,water,10,1
159,1397-05-11,6.0,water,2,1
160,1397-05-11,45.0,water,5,1
161,1397-05-11,12.0,water,7,1
162,1397-05-11,25.0,water,4,1
163,1397-05-11,32.0,water,9,1
164,1397-05-11,25.0,water,3,1
165,1397-05-12,15.0,reparing,10,1
166,1397-05-12,15.0,reparing,4,1
167,1397-05-12,15.0,reparing,1,1
168,1397-05-12,15.0,reparing,2,1
169,1397-05-12,15.0,reparing,8,1
170,1397-05-12,15.0,reparing,9,1
171,1397-05-12,15.0,reparing,7,1
172,1397-05-12,15.0,reparing,6,1
173,1397-05-12,15.0,reparing,5,1
174,1397-05-12,15.0,reparing,3,1
175,1397-05-19,32.0,cleaning,7,1
176,1397-05-19,32.0,cleaning,9,1
177,1397-05-19,32.0,cleaning,6,1
178,1397-05-19,32.0,cleaning,8,1
179,1397-05-19,32.0,cleaning,5,1
180,1397-05-19,32.0,cleaning,1,1
181,1397-05-19,32.0,cleaning,4,1
182,1397-05-24,40.0,electricity,4,1
183,1397-05-24,50.0,electricity,10,1
184,1397-05-24,20.0,electricity,1,1
185,1397-06-06,25.0,cleaning,4,1
186,1397-06-06,25.0,cleaning,2,1
187,1397-06-06,25.0,cleaning,3,1
188,1397-06-06,25.0,cleaning,5,1
189,1397-06-06,25.0,cleaning,6,1
190,1397-06-06,25.0,cleaning,1,1
191,1397-06-06,25.0,cleaning,7,1
192,1397-06-06,25.0,cleaning,9,1
193,1397-06-06,25.0,cleaning,10,1
194,1397-06-06,25.0,cleaning,8,1
195,1397-06-11,19.0,water,4,1
196,1397-06-11,9.0,water,7,1
197,1397-06-11,28.0,water,8,1
198,1397-06-11,9.0,water,1,1
199,1397-06-11,24.0,water,10,1
200,1397-06-11,19.0,water,3,1
201,1397-06-11,33.0,water,5,1
202,1397-06-11,14.0,water,6,1
203,1397-06-11,4.0,water,2,1
204,1397-06-11,24.0,water,9,1
205,1397-06-15,12.0,parking,10,1
206,1397-06-15,12.0,parking,4,1
207,1397-06-15,12.0,parking,2,1
208,1397-06-15,12.0,parking,7,1
209,1397-06-15,12.0,parking,3,1
210,1397-06-15,6.0,parking,9,1
211,1397-06-15,12.0,parking,1,1
212,1397-06-15,6.0,parking,5,1
213,1397-06-15,12.0,parking,6,1
214,1397-06-15,12.0,parking,8,1
215,1397-06-17,103.0,gas,1,1
216,1397-06-17,62.0,gas,2,1
217,1397-06-17,62.0,gas,4,1
218,1397-06-17,103.0,gas,7,1
219,1397-06-17,103.0,gas,9,1
220,1397-06-20,42.0,cleaning,8,1
221,1397-06-20,42.0,cleaning,2,1
222,1397-06-20,42.0,cleaning,7,1
223,1397-06-20,42.0,cleaning,1,1
224,1397-06-20,42.0,cleaning,4,1
225,1397-06-20,42.0,cleaning,3,1
226,1397-06-26,46.0,cleaning,1,1
227,1397-06-26,46.0,cleaning,8,1
228,1397-06-26,46.0,cleaning,9,1
229,1397-06-26,46.0,cleaning,2,1
230,1397-06-26,46.0,cleaning,3,1
231,1397-06-27,37.0,others,7,1
232,1397-06-27,37.0,others,5,1
233,1397-06-27,37.0,others,2,1
234,1397-06-27,37.0,others,4,1
235,1397-07-08,22.0,electricity,5,1
236,1397-07-08,15.0,electricity,10,1
237,1397-07-08,19.0,electricity,8,1
238,1397-07-08,15.0,electricity,9,1
239,1397-07-08,12.0,electricity,3,1
240,1397-07-08,12.0,electricity,4,1
241,1397-07-08,79.0,water,5,1
242,1397-07-08,3.0,electricity,2,1
243,1397-07-08,56.0,water,10,1
244,1397-07-08,68.0,water,8,1
245,1397-07-08,34.0,water,6,1
246,1397-07-08,11.0,water,2,1
247,1397-07-08,6.0,electricity,7,1
248,1397-07-17,49.0,cleaning,7,1
249,1397-07-17,49.0,cleaning,3,1
250,1397-07-17,49.0,cleaning,10,1
251,1397-07-17,49.0,cleaning,5,1
252,1397-07-17,24.0,reparing,2,1
253,1397-07-17,49.0,cleaning,1,1
254,1397-07-17,24.0,reparing,9,1
255,1397-07-17,24.0,reparing,3,1
256,1397-07-17,24.0,reparing,7,1
257,1397-07-17,24.0,reparing,10,1
258,1397-07-17,24.0,reparing,5,1
259,1397-07-17,24.0,reparing,6,1
260,1397-07-17,24.0,reparing,8,1
261,1397-07-17,24.0,reparing,1,1
262,1397-07-17,24.0,reparing,4,1
263,1397-07-22,49.0,gas,4,1
264,1397-07-22,82.0,gas,1,1
265,1397-07-22,49.0,gas,8,1
266,1397-07-22,82.0,gas,3,1
267,1397-07-22,82.0,gas,9,1
268,1397-07-22,49.0,gas,6,1
269,1397-07-22,82.0,gas,5,1
270,1397-07-27,49.0,cleaning,2,1
271,1397-07-27,49.0,cleaning,9,1
272,1397-07-27,49.0,cleaning,10,1
273,1397-07-27,49.0,cleaning,8,1
274,1397-07-27,49.0,cleaning,4,1
275,1397-08-07,46.0,elevator,9,1
276,1397-08-07,46.0,elevator,7,1
277,1397-08-07,46.0,elevator,3,1
278,1397-08-07,46.0,elevator,6,1
279,1397-08-07,85.0,water,9,1
280,1397-08-07,46.0,elevator,8,1
281,1397-08-07,46.0,elevator,2,1
282,1397-08-07,46.0,elevator,4,1
283,1397-08-07,46.0,elevator,10,1
284,1397-08-07,34.0,water,7,1
285,1397-08-07,46.0,elevator,5,1
286,1397-08-07,85.0,water,10,1
287,1397-08-07,68.0,water,3,1
288,1397-08-07,46.0,elevator,1,1
289,1397-08-19,244.0,cleaning,4,1
290,1397-08-23,6.0,electricity,7,1
291,1397-08-23,13.0,electricity,4,1
292,1397-08-23,23.0,electricity,5,1
293,1397-08-23,6.0,electricity,1,1
294,1397-08-23,13.0,electricity,3,1
295,1397-08-23,17.0,electricity,9,1
296,1397-08-23,3.0,electricity,2,1
297,1397-08-23,10.0,electricity,6,1
298,1397-08-23,20.0,electricity,8,1
299,1397-08-27,32.0,cleaning,2,1
300,1397-08-27,32.0,cleaning,9,1
301,1397-08-27,32.0,cleaning,1,1
302,1397-08-27,32.0,cleaning,3,1
303,1397-08-27,32.0,cleaning,4,1
304,1397-08-27,32.0,cleaning,7,1
305,1397-08-27,32.0,cleaning,8,1
306,1397-08-27,32.0,cleaning,10,1
307,1397-09-07,122.0,gas,9,1
308,1397-09-07,61.0,water,10,1
309,1397-09-07,74.0,water,8,1
310,1397-09-07,73.0,gas,8,1
311,1397-09-07,49.0,water,3,1
312,1397-09-07,12.0,water,2,1
313,1397-09-07,61.0,water,9,1
314,1397-09-07,37.0,water,6,1
315,1397-09-07,24.0,water,1,1
316,1397-09-07,122.0,gas,5,1
317,1397-09-07,122.0,gas,1,1
318,1397-09-14,26.0,cleaning,6,1
319,1397-09-14,26.0,cleaning,2,1
320,1397-09-14,26.0,cleaning,7,1
321,1397-09-14,26.0,cleaning,9,1
322,1397-09-14,26.0,cleaning,3,1
323,1397-09-14,26.0,cleaning,8,1
324,1397-09-14,26.0,cleaning,1,1
325,1397-09-14,26.0,cleaning,10,1
326,1397-09-14,26.0,cleaning,5,1
327,1397-09-14,26.0,cleaning,4,1
328,1397-09-17,326.0,city_hall,1,1
329,1397-09-17,326.0,city_hall,6,1
330,1397-09-17,326.0,city_hall,7,1
331,1397-09-17,326.0,city_hall,9,1
332,1397-09-17,326.0,city_hall,8,1
333,1397-09-17,326.0,city_hall,5,1
334,1397-09-17,326.0,city_hall,10,1
335,1397-09-17,326.0,city_hall,4,1
336,1397-09-20,19.0,reparing,8,1
337,1397-09-20,19.0,reparing,7,1
338,1397-09-20,19.0,reparing,3,1
339,1397-09-20,19.0,reparing,4,1
340,1397-09-20,19.0,reparing,6,1
341,1397-09-20,19.0,reparing,5,1
342,1397-09-20,19.0,reparing,9,1
343,1397-09-20,19.0,reparing,2,1
344,1397-09-20,19.0,reparing,10,1
345,1397-09-20,19.0,reparing,1,1
346,1397-10-02,14.0,electricity,4,1
347,1397-10-02,10.0,electricity,6,1
348,1397-10-02,3.0,electricity,2,1
349,1397-10-02,7.0,electricity,7,1
350,1397-10-02,21.0,electricity,8,1
351,1397-10-02,17.0,electricity,10,1
352,1397-10-02,25.0,electricity,5,1
353,1397-10-02,14.0,electricity,3,1
354,1397-10-03,24.0,others,2,1
355,1397-10-03,24.0,others,6,1
356,1397-10-03,24.0,others,7,1
357,1397-10-03,24.0,others,5,1
358,1397-10-03,24.0,others,3,1
359,1397-10-03,24.0,others,8,1
360,1397-10-04,50.0,cleaning,3,1
361,1397-10-04,50.0,cleaning,1,1
362,1397-10-04,50.0,cleaning,9,1
363,1397-10-04,50.0,cleaning,2,1
364,1397-10-04,50.0,cleaning,6,1
365,1397-10-08,43.0,water,6,1
366,1397-10-08,58.0,water,3,1
367,1397-10-08,102.0,water,5,1
368,1397-10-08,14.0,water,2,1
369,1397-10-08,29.0,water,1,1
370,1397-10-08,73.0,water,9,1
371,1397-10-08,29.0,water,7,1
372,1397-10-08,87.0,water,8,1
373,1397-10-18,103.0,gas,8,1
374,1397-10-18,63.0,cleaning,1,1
375,1397-10-18,171.0,gas,1,1
376,1397-10-18,63.0,cleaning,2,1
377,1397-10-18,63.0,cleaning,8,1
378,1397-10-18,63.0,cleaning,6,1
379,1397-10-26,58.0,cleaning,4,1
380,1397-10-26,58.0,cleaning,3,1
381,1397-10-26,58.0,cleaning,6,1
382,1397-10-26,58.0,cleaning,8,1
383,1397-10-26,58.0,cleaning,2,1
384,1397-11-09,46.0,water,3,1
385,1397-11-09,11.0,water,2,1
386,1397-11-09,34.0,water,6,1
387,1397-11-09,23.0,water,7,1
388,1397-11-09,23.0,water,1,1
389,1397-11-09,57.0,water,9,1
390,1397-11-09,69.0,water,8,1
391,1397-11-09,80.0,water,5,1
392,1397-11-17,39.0,cleaning,4,1
393,1397-11-17,39.0,cleaning,2,1
394,1397-11-17,39.0,cleaning,7,1
395,1397-11-17,39.0,cleaning,6,1
396,1397-11-17,39.0,cleaning,5,1
397,1397-11-17,39.0,cleaning,8,1
398,1397-11-17,39.0,cleaning,9,1
399,1397-11-18,25.0,electricity,8,1
400,1397-11-18,4.0,electricity,2,1
401,1397-11-18,17.0,electricity,3,1
402,1397-11-18,21.0,electricity,10,1
403,1397-11-18,29.0,electricity,5,1
404,1397-11-18,21.0,electricity,9,1
405,1397-11-27,77.0,gas,2,1
406,1397-11-27,129.0,gas,7,1
407,1397-11-27,129.0,gas,9,1
408,1397-11-27,77.0,gas,4,1
409,1397-11-27,129.0,gas,5,1
410,1397-12-03,27.0,cleaning,6,1
411,1397-12-03,27.0,cleaning,3,1
412,1397-12-03,27.0,cleaning,10,1
413,1397-12-03,27.0,cleaning,1,1
414,1397-12-03,27.0,cleaning,5,1
415,1397-12-03,27.0,cleaning,9,1
416,1397-12-03,27.0,cleaning,7,1
417,1397-12-03,27.0,cleaning,2,1
418,1397-12-03,27.0,cleaning,4,1
419,1397-12-03,27.0,cleaning,8,1
420,1397-12-05,28.0,water,7,1
421,1397-12-05,98.0,water,5,1
422,1397-12-05,56.0,water,4,1
423,1397-12-05,84.0,water,8,1
424,1397-12-05,42.0,water,6,1
425,1397-12-05,70.0,water,10,1
426,1397-12-13,33.0,others,6,1
427,1397-12-13,33.0,others,2,1
428,1397-12-13,33.0,others,8,1
429,1397-12-13,33.0,others,5,1
430,1397-12-13,33.0,others,10,1
431,1397-12-14,36.0,cleaning,2,1
432,1397-12-14,36.0,cleaning,6,1
433,1397-12-14,36.0,cleaning,9,1
434,1397-12-14,36.0,cleaning,7,1
435,1397-12-14,36.0,cleaning,1,1
436,1397-12-14,36.0,cleaning,4,1
437,1397-12-14,36.0,cleaning,8,1
438,1397-12-14,36.0,cleaning,5,1
439,1397-12-25,22.0,reparing,3,1
440,1397-12-25,22.0,reparing,5,1
441,1397-12-25,22.0,reparing,10,1
442,1397-12-25,22.0,reparing,1,1
443,1397-12-25,22.0,reparing,8,1
444,1397-12-25,22.0,reparing,6,1
445,1397-12-25,22.0,reparing,2,1
446,1397-12-25,22.0,reparing,4,1
447,1397-12-25,22.0,reparing,9,1
448,1397-12-25,22.0,reparing,7,1
449,1397-12-26,34.0,cleaning,5,1
450,1397-12-26,34.0,cleaning,8,1
451,1397-12-26,34.0,cleaning,7,1
452,1397-12-26,34.0,cleaning,9,1
453,1397-12-26,34.0,cleaning,2,1
454,1397-12-26,34.0,cleaning,10,1
455,1397-12-26,34.0,cleaning,3,1
456,1397-12-26,34.0,cleaning,6,1
457,1398-01-05,386.0,city_hall,4,1
458,1398-01-05,386.0,city_hall,9,1
459,1398-01-05,386.0,city_hall,7,1
460,1398-01-05,386.0,city_hall,2,1
461,1398-01-06,3.0,electricity,2,1
462,1398-01-06,14.0,electricity,3,1
463,1398-01-06,10.0,electricity,6,1
464,1398-01-06,17.0,electricity,10,1
465,1398-01-06,7.0,electricity,7,1
466,1398-01-06,21.0,electricity,8,1
467,1398-01-06,24.0,electricity,5,1
468,1398-01-06,14.0,electricity,4,1
469,1398-01-06,17.0,electricity,9,1
470,1398-01-07,29.0,gas,10,1
471,1398-01-07,48.0,gas,1,1
472,1398-01-07,48.0,gas,3,1
473,1398-01-07,52.0,water,4,1
474,1398-01-07,48.0,gas,9,1
475,1398-01-07,48.0,gas,7,1
476,1398-01-07,29.0,gas,8,1
477,1398-01-07,65.0,water,10,1
478,1398-01-07,91.0,water,5,1
479,1398-01-07,48.0,gas,5,1
480,1398-01-07,78.0,water,8,1
481,1398-01-07,26.0,water,7,1
482,1398-01-07,13.0,water,2,1
483,1398-01-07,29.0,gas,6,1
484,1398-01-21,35.0,cleaning,2,1
485,1398-01-21,35.0,cleaning,9,1
486,1398-01-21,35.0,cleaning,10,1
487,1398-01-21,35.0,cleaning,7,1
488,1398-01-21,35.0,cleaning,5,1
489,1398-01-21,35.0,cleaning,6,1
490,1398-01-21,35.0,cleaning,1,1
491,1398-01-21,35.0,cleaning,3,1
492,1398-01-29,29.0,cleaning,10,1
493,1398-01-29,29.0,cleaning,5,1
494,1398-01-29,29.0,cleaning,3,1
495,1398-01-29,29.0,cleaning,4,1
496,1398-01-29,29.0,cleaning,1,1
497,1398-01-29,29.0,cleaning,7,1
498,1398-01-29,29.0,cleaning,9,1
499,1398-01-29,29.0,cleaning,8,1
500,1398-01-29,29.0,cleaning,2,1
501,1398-01-29,29.0,cleaning,6,1
502,1398-02-06,39.0,others,8,1
503,1398-02-06,39.0,others,10,1
504,1398-02-06,39.0,others,4,1
505,1398-02-06,39.0,others,2,1
506,1398-02-10,44.0,water,5,1
507,1398-02-10,12.0,water,1,1
508,1398-02-10,32.0,water,10,1
509,1398-02-10,6.0,water,2,1
510,1398-02-10,19.0,water,6,1
511,1398-02-10,32.0,water,9,1
512,1398-02-10,25.0,water,3,1
513,1398-02-10,25.0,water,4,1
514,1398-02-10,12.0,water,7,1
515,1398-02-12,25.0,reparing,7,1
516,1398-02-12,25.0,reparing,4,1
517,1398-02-12,25.0,reparing,3,1
518,1398-02-12,25.0,reparing,5,1
519,1398-02-12,25.0,reparing,10,1
520,1398-02-12,25.0,reparing,1,1
521,1398-02-12,25.0,reparing,8,1
522,1398-02-12,25.0,reparing,9,1
523,1398-02-12,25.0,reparing,6,1
524,1398-02-12,25.0,reparing,2,1
525,1398-02-14,91.0,gas,4,1
526,1398-02-14,152.0,gas,1,1
527,1398-02-14,91.0,gas,2,1
528,1398-02-14,152.0,gas,5,1
529,1398-02-17,38.0,cleaning,6,1
530,1398-02-17,38.0,cleaning,4,1
531,1398-02-17,38.0,cleaning,5,1
532,1398-02-17,38.0,cleaning,1,1
533,1398-02-17,38.0,cleaning,2,1
534,1398-02-17,38.0,cleaning,9,1
535,1398-02-17,38.0,cleaning,7,1
536,1398-02-17,38.0,cleaning,8,1
537,1398-02-23,3.0,electricity,2,1
538,1398-02-23,7.0,electricity,7,1
539,1398-02-23,21.0,electricity,8,1
540,1398-02-23,17.0,electricity,9,1
541,1398-02-23,24.0,electricity,5,1
542,1398-02-23,14.0,electricity,3,1
543,1398-02-23,14.0,electricity,4,1
544,1398-02-23,7.0,electricity,1,1
545,1398-02-24,90.0,elevator,1,1
546,1398-02-24,90.0,elevator,4,1
547,1398-02-24,90.0,elevator,3,1
548,1398-02-24,90.0,elevator,5,1
549,1398-02-24,90.0,elevator,10,1
550,1398-02-24,90.0,elevator,6,1
551,1398-02-24,90.0,elevator,7,1
552,1398-02-24,90.0,elevator,9,1
553,1398-02-24,90.0,elevator,8,1
554,1398-02-24,90.0,elevator,2,1
555,1398-02-31,6.0,parking,9,1
556,1398-02-31,6.0,parking,5,1
557,1398-02-31,12.0,parking,8,1
558,1398-02-31,12.0,parking,7,1
559,1398-02-31,12.0,parking,2,1
560,1398-02-31,12.0,parking,3,1
561,1398-02-31,12.0,parking,10,1
562,1398-02-31,12.0,parking,4,1
563,1398-02-31,12.0,parking,1,1
564,1398-02-31,12.0,parking,6,1
565,1398-03-01,47.0,cleaning,1,1
566,1398-03-01,47.0,cleaning,6,1
567,1398-03-01,47.0,cleaning,8,1
568,1398-03-01,47.0,cleaning,9,1
569,1398-03-01,47.0,cleaning,7,1
570,1398-03-01,47.0,cleaning,10,1
571,1398-03-09,45.0,water,2,1
572,1398-03-09,270.0,water,8,1
573,1398-03-09,135.0,water,6,1
574,1398-03-18,100.0,cleaning,10,1
575,1398-03-18,100.0,cleaning,1,1
576,1398-03-18,100.0,cleaning,8,1
577,1398-03-22,113.0,gas,4,1
578,1398-03-22,189.0,gas,3,1
579,1398-03-22,113.0,gas,10,1
580,1398-03-22,189.0,gas,1,1
581,1398-04-02,26.0,electricity,9,1
582,1398-04-02,31.0,electricity,8,1
583,1398-04-02,10.0,electricity,7,1
584,1398-04-02,21.0,electricity,3,1
585,1398-04-02,21.0,electricity,4,1
586,1398-04-02,10.0,electricity,1,1
587,1398-04-02,31.0,cleaning,5,1
588,1398-04-02,5.0,electricity,2,1
589,1398-04-02,31.0,cleaning,6,1
590,1398-04-02,31.0,cleaning,7,1
591,1398-04-02,31.0,cleaning,9,1
592,1398-04-02,31.0,cleaning,8,1
593,1398-04-02,31.0,cleaning,4,1
594,1398-04-02,31.0,cleaning,3,1
595,1398-04-02,31.0,cleaning,1,1
596,1398-04-02,31.0,cleaning,10,1
597,1398-04-03,33.0,reparing,4,1
598,1398-04-03,33.0,reparing,6,1
599,1398-04-03,33.0,reparing,3,1
600,1398-04-03,33.0,reparing,5,1
601,1398-04-03,33.0,reparing,2,1
602,1398-04-03,33.0,reparing,1,1
603,1398-04-03,33.0,reparing,8,1
604,1398-04-03,33.0,reparing,9,1
605,1398-04-03,33.0,reparing,7,1
606,1398-04-03,33.0,reparing,10,1
607,1398-04-08,37.0,cleaning,6,1
608,1398-04-08,37.0,cleaning,4,1
609,1398-04-08,12.0,water,2,1
610,1398-04-08,37.0,cleaning,3,1
611,1398-04-08,37.0,cleaning,9,1
612,1398-04-08,37.0,cleaning,8,1
613,1398-04-08,50.0,water,3,1
614,1398-04-08,88.0,water,5,1
615,1398-04-08,75.0,water,8,1
616,1398-04-08,63.0,water,9,1
617,1398-04-08,37.0,cleaning,5,1
618,1398-04-08,37.0,cleaning,2,1
619,1398-04-08,37.0,cleaning,1,1
620,1398-04-08,37.0,water,6,1
621,1398-04-26,50.0,cleaning,9,1
622,1398-04-26,50.0,cleaning,8,1
623,1398-04-26,50.0,cleaning,10,1
624,1398-04-26,50.0,cleaning,4,1
625,1398-04-26,50.0,cleaning,3,1
626,1398-04-26,50.0,cleaning,5,1
627,1398-05-04,41.0,gas,4,1
628,1398-05-04,69.0,gas,1,1
629,1398-05-04,69.0,gas,9,1
630,1398-05-04,41.0,gas,8,1
631,1398-05-04,69.0,gas,7,1
632,1398-05-04,69.0,gas,3,1
633,1398-05-04,41.0,gas,10,1
634,1398-05-04,69.0,gas,5,1
635,1398-05-04,41.0,gas,2,1
636,1398-05-04,41.0,gas,6,1
637,1398-05-17,60.0,cleaning,6,1
638,1398-05-17,60.0,cleaning,4,1
639,1398-05-17,60.0,cleaning,9,1
640,1398-05-17,60.0,cleaning,8,1
641,1398-05-17,60.0,cleaning,5,1
642,1398-05-20,12.0,electricity,6,1
643,1398-05-20,29.0,electricity,5,1
644,1398-05-20,17.0,electricity,4,1
645,1398-05-20,17.0,electricity,3,1
646,1398-05-20,21.0,electricity,10,1
647,1398-05-20,21.0,electricity,9,1
648,1398-05-20,8.0,electricity,7,1
649,1398-05-20,4.0,electricity,2,1
650,1398-05-27,97.0,cleaning,7,1
651,1398-05-27,97.0,cleaning,1,1
652,1398-05-27,97.0,cleaning,3,1
653,1398-06-05,296.0,water,4,1
654,1398-06-05,74.0,water,2,1
655,1398-06-05,23.0,others,7,1
656,1398-06-05,23.0,others,2,1
657,1398-06-05,23.0,others,6,1
658,1398-06-05,23.0,others,5,1
659,1398-06-05,23.0,others,1,1
660,1398-06-05,23.0,others,9,1
661,1398-06-05,23.0,others,4,1
662,1398-06-07,22.0,reparing,5,1
663,1398-06-07,22.0,reparing,10,1
664,1398-06-07,22.0,reparing,1,1
665,1398-06-07,22.0,reparing,8,1
666,1398-06-07,22.0,reparing,9,1
667,1398-06-07,22.0,reparing,6,1
668,1398-06-07,22.0,reparing,3,1
669,1398-06-07,22.0,reparing,4,1
670,1398-06-07,22.0,reparing,7,1
671,1398-06-07,22.0,reparing,2,1
672,1398-06-08,58.0,gas,6,1
673,1398-06-08,58.0,gas,8,1
674,1398-06-08,96.0,gas,9,1
675,1398-06-08,58.0,gas,10,1
676,1398-06-08,96.0,gas,7,1
677,1398-06-08,58.0,gas,2,1
678,1398-06-08,96.0,gas,5,1
679,1398-06-08,96.0,gas,1,1
680,1398-06-08,96.0,gas,3,1
681,1398-06-08,49.0,cleaning,10,1
682,1398-06-08,49.0,cleaning,5,1
683,1398-06-08,49.0,cleaning,4,1
684,1398-06-08,49.0,cleaning,8,1
685,1398-06-08,49.0,cleaning,6,1
686,1398-06-08,49.0,cleaning,7,1
687,1398-06-23,42.0,cleaning,6,1
688,1398-06-23,42.0,cleaning,2,1
689,1398-06-23,42.0,cleaning,7,1
690,1398-06-23,42.0,cleaning,10,1
691,1398-06-23,42.0,cleaning,5,1
692,1398-06-23,42.0,cleaning,4,1
693,1398-06-23,42.0,cleaning,8,1
694,1398-06-30,41.0,electricity,4,1
695,1398-06-30,51.0,electricity,10,1
696,1398-06-30,10.0,electricity,2,1
697,1398-06-30,20.0,electricity,7,1
698,1398-07-03,60.0,water,4,1
699,1398-07-03,75.0,water,9,1
700,1398-07-03,91.0,water,8,1
701,1398-07-03,60.0,water,3,1
702,1398-07-03,45.0,water,6,1
703,1398-07-03,30.0,water,1,1
704,1398-07-03,30.0,water,7,1
705,1398-07-09,79.0,cleaning,5,1
706,1398-07-09,79.0,cleaning,6,1
707,1398-07-09,79.0,cleaning,2,1
708,1398-07-09,79.0,cleaning,7,1
709,1398-07-12,657.0,city_hall,10,1
710,1398-07-12,657.0,city_hall,5,1
711,1398-07-12,657.0,city_hall,6,1
712,1398-07-12,657.0,city_hall,8,1
713,1398-07-16,252.0,gas,8,1
714,1398-07-16,252.0,gas,10,1
715,1398-07-20,52.0,cleaning,3,1
716,1398-07-20,52.0,cleaning,8,1
717,1398-07-20,52.0,cleaning,5,1
718,1398-07-20,52.0,cleaning,10,1
719,1398-07-20,52.0,cleaning,7,1
720,1398-07-20,52.0,cleaning,6,1
721,1398-08-02,53.0,water,10,1
722,1398-08-02,10.0,water,2,1
723,1398-08-02,32.0,water,6,1
724,1398-08-02,53.0,water,9,1
725,1398-08-02,21.0,water,7,1
726,1398-08-02,21.0,water,1,1
727,1398-08-02,42.0,water,4,1
728,1398-08-02,75.0,water,5,1
729,1398-08-02,42.0,water,3,1
730,1398-08-02,64.0,water,8,1
731,1398-08-11,50.0,cleaning,8,1
732,1398-08-11,50.0,cleaning,7,1
733,1398-08-11,50.0,cleaning,2,1
734,1398-08-11,50.0,cleaning,1,1
735,1398-08-11,50.0,cleaning,5,1
736,1398-08-11,50.0,cleaning,9,1
737,1398-08-18,33.0,electricity,10,1
738,1398-08-18,6.0,electricity,2,1
739,1398-08-18,33.0,electricity,9,1
740,1398-08-18,26.0,electricity,3,1
741,1398-08-18,20.0,electricity,6,1
742,1398-08-19,28.0,others,3,1
743,1398-08-19,28.0,others,4,1
744,1398-08-19,28.0,others,10,1
745,1398-08-19,28.0,others,8,1
746,1398-08-19,28.0,others,6,1
747,1398-08-19,28.0,others,1,1
748,1398-08-20,15.0,reparing,2,1
749,1398-08-20,15.0,reparing,3,1
750,1398-08-20,15.0,reparing,5,1
751,1398-08-20,15.0,reparing,10,1
752,1398-08-20,15.0,reparing,1,1
753,1398-08-20,15.0,reparing,8,1
754,1398-08-20,15.0,reparing,4,1
755,1398-08-20,15.0,reparing,9,1
756,1398-08-20,15.0,reparing,7,1
757,1398-08-20,15.0,reparing,6,1
758,1398-08-27,50.0,cleaning,3,1
759,1398-08-27,50.0,cleaning,8,1
760,1398-08-27,50.0,cleaning,5,1
761,1398-08-27,50.0,cleaning,7,1
762,1398-08-27,50.0,cleaning,2,1
763,1398-08-27,50.0,cleaning,9,1
764,1398-09-01,67.0,water,8,1
765,1398-09-01,22.0,water,1,1
766,1398-09-01,78.0,water,5,1
767,1398-09-01,45.0,water,3,1
768,1398-09-01,56.0,water,9,1
769,1398-09-01,11.0,water,2,1
770,1398-09-03,186.0,gas,9,1
771,1398-09-03,111.0,gas,4,1
772,1398-09-03,111.0,gas,8,1
773,1398-09-03,111.0,gas,2,1
774,1398-09-13,24.0,others,1,1
775,1398-09-13,24.0,others,8,1
776,1398-09-13,24.0,others,5,1
777,1398-09-13,24.0,others,10,1
778,1398-09-13,24.0,others,2,1
779,1398-09-13,24.0,others,9,1
780,1398-09-13,24.0,others,4,1
781,1398-09-15,32.0,cleaning,8,1
782,1398-09-15,32.0,cleaning,6,1
783,1398-09-15,32.0,cleaning,9,1
784,1398-09-15,32.0,cleaning,4,1
785,1398-09-15,32.0,cleaning,2,1
786,1398-09-15,32.0,cleaning,7,1
787,1398-09-15,32.0,cleaning,1,1
788,1398-09-15,32.0,cleaning,5,1
789,1398-09-15,32.0,cleaning,10,1
790,1398-09-15,32.0,cleaning,3,1
791,1398-09-19,408.0,elevator,6,1
792,1398-09-19,408.0,elevator,8,1
793,1398-09-19,408.0,elevator,4,1
794,1398-09-19,408.0,elevator,1,1
795,1398-09-19,408.0,elevator,3,1
796,1398-09-19,408.0,elevator,10,1
797,1398-09-19,408.0,elevator,7,1
798,1398-09-19,408.0,elevator,9,1
799,1398-09-19,408.0,elevator,5,1
800,1398-09-19,408.0,elevator,2,1
801,1398-09-27,159.0,cleaning,4,1
802,1398-09-27,159.0,cleaning,8,1
803,1398-09-30,158.0,water,3,1
804,1398-09-30,39.0,reparing,6,1
805,1398-09-30,39.0,reparing,7,1
806,1398-09-30,39.0,reparing,2,1
807,1398-09-30,79.0,water,7,1
808,1398-09-30,39.0,reparing,5,1
809,1398-09-30,39.0,reparing,3,1
810,1398-09-30,39.0,reparing,4,1
811,1398-09-30,39.0,reparing,9,1
812,1398-09-30,39.0,reparing,1,1
813,1398-09-30,39.0,reparing,8,1
814,1398-09-30,198.0,water,9,1
815,1398-09-30,39.0,reparing,10,1
816,1398-10-02,61.0,electricity,5,1
817,1398-10-02,17.0,electricity,1,1
818,1398-10-02,43.0,electricity,9,1
819,1398-10-08,109.0,gas,9,1
820,1398-10-08,109.0,gas,1,1
821,1398-10-08,65.0,gas,10,1
822,1398-10-08,109.0,gas,5,1
823,1398-10-08,65.0,gas,8,1
824,1398-10-08,65.0,gas,4,1
825,1398-10-08,109.0,gas,7,1
826,1398-10-08,65.0,gas,2,1
827,1398-10-08,109.0,gas,3,1
828,1398-10-12,39.0,cleaning,6,1
829,1398-10-12,39.0,cleaning,4,1
830,1398-10-12,39.0,cleaning,2,1
831,1398-10-12,39.0,cleaning,7,1
832,1398-10-12,39.0,cleaning,1,1
833,1398-10-12,39.0,cleaning,10,1
834,1398-10-12,39.0,cleaning,5,1
835,1398-10-12,39.0,cleaning,8,1
836,1398-10-21,12.0,parking,7,1
837,1398-10-21,12.0,parking,3,1
838,1398-10-21,12.0,parking,8,1
839,1398-10-21,6.0,parking,9,1
840,1398-10-21,12.0,parking,6,1
841,1398-10-21,6.0,parking,5,1
842,1398-10-21,12.0,parking,10,1
843,1398-10-21,12.0,parking,4,1
844,1398-10-21,12.0,parking,2,1
845,1398-10-21,12.0,parking,1,1
846,1398-10-30,63.0,cleaning,9,1
847,1398-10-30,63.0,cleaning,10,1
848,1398-10-30,63.0,cleaning,5,1
849,1398-10-30,63.0,cleaning,4,1
850,1398-10-30,63.0,cleaning,3,1
851,1398-11-01,58.0,water,9,1
852,1398-11-01,70.0,water,8,1
853,1398-11-01,46.0,water,3,1
854,1398-11-01,58.0,water,10,1
855,1398-11-01,35.0,water,6,1
856,1398-11-01,82.0,water,5,1
857,1398-11-09,43.0,cleaning,4,1
858,1398-11-09,43.0,cleaning,5,1
859,1398-11-09,43.0,cleaning,1,1
860,1398-11-09,43.0,cleaning,8,1
861,1398-11-09,43.0,cleaning,3,1
862,1398-11-09,43.0,cleaning,2,1
863,1398-11-09,43.0,cleaning,6,1
864,1398-11-09,43.0,cleaning,7,1
865,1398-11-18,37.0,electricity,9,1
866,1398-11-18,44.0,electricity,8,1
867,1398-11-18,7.0,electricity,2,1
868,1398-11-18,29.0,electricity,4,1
869,1398-11-18,37.0,electricity,10,1
870,1398-11-19,71.0,gas,8,1
871,1398-11-19,118.0,gas,1,1
872,1398-11-19,118.0,gas,5,1
873,1398-11-19,118.0,gas,3,1
874,1398-11-19,71.0,gas,4,1
875,1398-11-23,154.0,cleaning,5,1
876,1398-11-23,154.0,cleaning,1,1
877,1398-12-03,77.0,water,4,1
878,1398-12-03,77.0,water,3,1
879,1398-12-03,136.0,water,5,1
880,1398-12-03,19.0,water,2,1
881,1398-12-14,34.0,cleaning,6,1
882,1398-12-14,34.0,cleaning,1,1
883,1398-12-14,34.0,cleaning,4,1
884,1398-12-14,34.0,cleaning,7,1
885,1398-12-14,34.0,cleaning,3,1
886,1398-12-14,34.0,cleaning,5,1
887,1398-12-14,34.0,cleaning,10,1
888,1398-12-14,34.0,cleaning,9,1
889,1398-12-14,34.0,cleaning,8,1
890,1398-12-27,75.0,cleaning,5,1
891,1398-12-27,75.0,cleaning,10,1
892,1398-12-27,75.0,cleaning,8,1
893,1398-12-27,75.0,cleaning,4,1
894,1398-12-27,75.0,cleaning,3,1
895,1399-01-01,40.0,water,3,1
896,1399-01-01,7.0,electricity,1,1
897,1399-01-01,15.0,electricity,4,1
898,1399-01-01,15.0,electricity,3,1
899,1399-01-01,27.0,electricity,5,1
900,1399-01-01,19.0,electricity,10,1
901,1399-01-01,40.0,water,4,1
902,1399-01-01,70.0,water,5,1
903,1399-01-01,60.0,water,8,1
904,1399-01-01,11.0,electricity,6,1
905,1399-01-01,30.0,water,6,1
906,1399-01-01,23.0,electricity,8,1
907,1399-01-01,19.0,electricity,9,1
908,1399-01-01,20.0,water,1,1
909,1399-01-01,3.0,electricity,2,1
910,1399-01-01,10.0,water,2,1
911,1399-01-04,153.0,gas,8,1
912,1399-01-04,255.0,gas,5,1
913,1399-01-04,153.0,gas,6,1
914,1399-01-07,35.0,reparing,4,1
915,1399-01-07,35.0,reparing,6,1
916,1399-01-07,35.0,reparing,2,1
917,1399-01-07,35.0,reparing,7,1
918,1399-01-07,35.0,reparing,9,1
919,1399-01-07,35.0,reparing,3,1
920,1399-01-07,35.0,reparing,1,1
921,1399-01-07,35.0,reparing,10,1
922,1399-01-07,35.0,reparing,5,1
923,1399-01-07,35.0,reparing,8,1
924,1399-01-12,57.0,cleaning,2,1
925,1399-01-12,57.0,cleaning,8,1
926,1399-01-12,57.0,cleaning,7,1
927,1399-01-12,57.0,cleaning,5,1
928,1399-01-12,57.0,cleaning,6,1
929,1399-01-12,57.0,cleaning,1,1
930,1399-01-22,26.0,others,1,1
931,1399-01-22,26.0,others,4,1
932,1399-01-22,26.0,others,3,1
933,1399-01-22,26.0,others,10,1
934,1399-01-22,26.0,others,6,1
935,1399-01-22,26.0,others,2,1
936,1399-01-22,26.0,others,7,1
937,1399-01-22,26.0,others,8,1
938,1399-01-25,42.0,cleaning,1,1
939,1399-01-25,42.0,cleaning,3,1
940,1399-01-25,42.0,cleaning,7,1
941,1399-01-25,42.0,cleaning,9,1
942,1399-01-25,42.0,cleaning,5,1
943,1399-01-25,42.0,cleaning,10,1
944,1399-01-25,42.0,cleaning,4,1
945,1399-01-25,42.0,cleaning,6,1
946,1399-02-04,27.0,water,4,1
947,1399-02-04,27.0,water,3,1
948,1399-02-04,47.0,water,5,1
949,1399-02-04,20.0,water,6,1
950,1399-02-04,13.0,water,7,1
951,1399-02-04,34.0,water,9,1
952,1399-02-04,13.0,water,1,1
953,1399-02-04,34.0,water,10,1
954,1399-02-04,6.0,water,2,1
955,1399-02-04,41.0,water,8,1
956,1399-02-12,16.0,electricity,6,1
957,1399-02-12,22.0,electricity,3,1
958,1399-02-12,39.0,electricity,5,1
959,1399-02-12,27.0,electricity,10,1
960,1399-02-12,27.0,electricity,9,1
961,1399-02-12,11.0,electricity,7,1
962,1399-02-12,5.0,electricity,2,1
963,1399-02-12,11.0,electricity,1,1
964,1399-02-13,141.0,gas,8,1
965,1399-02-13,235.0,gas,3,1
966,1399-02-13,235.0,gas,9,1
967,1399-02-22,30.0,reparing,2,1
968,1399-02-22,30.0,reparing,8,1
969,1399-02-22,30.0,reparing,1,1
970,1399-02-22,30.0,reparing,7,1
971,1399-02-22,30.0,reparing,6,1
972,1399-02-22,30.0,reparing,3,1
973,1399-02-22,30.0,reparing,9,1
974,1399-02-22,30.0,reparing,5,1
975,1399-02-22,30.0,reparing,10,1
976,1399-02-22,30.0,reparing,4,1
977,1399-02-30,117.0,others,3,1
978,1399-02-30,117.0,others,2,1
979,1399-03-02,200.0,water,3,1
980,1399-03-02,100.0,water,1,1
981,1399-03-15,488.0,gas,5,1
982,1399-04-24,52.0,gas,6,1
983,1399-04-24,87.0,gas,7,1
984,1399-04-24,52.0,gas,2,1
985,1399-04-24,52.0,gas,8,1
986,1399-04-24,87.0,gas,1,1
987,1399-04-24,52.0,gas,10,1
988,1399-04-24,87.0,gas,3,1
989,1399-04-24,52.0,gas,4,1
990,1399-11-22,6.9230769230769225,water,1,1
991,1399-11-22,3.461538461538461,water,2,1
992,1399-11-22,13.846153846153845,water,3,1
993,1399-11-22,13.846153846153845,water,4,1
994,1399-11-22,24.23076923076923,water,5,1
995,1399-11-22,10.384615384615383,water,6,1
996,1399-11-22,6.9230769230769225,water,7,1
997,1399-11-22,20.76923076923077,water,8,1
998,1399-11-22,17.307692307692307,water,9,1
999,1399-11-22,17.307692307692307,water,10,1
1000,1399-11-22,16.875,gas,1,1
1001,1399-11-22,10.125,gas,2,1
1002,1399-11-22,16.875,gas,3,1
1003,1399-11-22,10.125,gas,4,1
1004,1399-11-22,16.875,gas,5,1
1005,1399-11-22,10.125,gas,6,1
1006,1399-11-22,16.875,gas,7,1
1007,1399-11-22,10.125,gas,8,1
1008,1399-11-22,16.875,gas,9,1
1009,1399-11-22,10.125,gas,10,1
1010,1395-05-13,120.0,elevator,3,1
1011,1399-11-22,111.5,charge,1,1
1012,1399-11-22,111.5,charge,2,1
1013,1399-11-22,111.5,charge,3,1
1014,1399-11-22,111.5,charge,4,1
1015,1399-11-22,111.5,charge,5,1
1016,1399-11-22,111.5,charge,6,1
1017,1399-11-22,111.5,charge,7,1
1018,1399-11-22,111.5,charge,8,1
1019,1399-11-22,111.5,charge,9,1
1020,1399-11-22,111.5,charge,10,1
1021,1396-05-05,100.5,charge,1,1
1022,1396-05-05,100.5,charge,2,1
1023,1396-05-05,100.5,charge,3,1
1024,1396-05-05,100.5,charge,4,1
1025,1396-05-05,100.5,charge,5,1
1026,1396-05-05,100.5,charge,6,1
1027,1396-05-05,100.5,charge,7,1
1028,1396-05-05,100.5,charge,8,1
1029,1396-05-05,100.5,charge,9,1
1030,1396-05-05,100.5,charge,10,1
